channel,spend,attributed_revenue,roas,impressions,clicks,ctr,cpc,cpm,campaigns
Facebook,2169972.91,5657380.19,2.607120192113366,218621950,2958578,0.013532849743587046,0.7334513100550333,9.925686373211839,10
Google,1641532.86,5018955.38,3.0574809084236056,251503825,10441064,0.04151453362588024,0.15721892519766187,6.526870356743084,10
TikTok,1446798.29,4097259.08,2.8319490756379038,179837941,2701785,0.01502344268943782,0.5354971953726888,8.045011425036277,10
